name;email;
nome_user 150;nome_user150@exemple.com.br;
nome_user 151;nome_user151@exemple.com.br;
nome_user 152;nome_user152@exemple.com.br;
nome_user 153;nome_user153@exemple.com.br;
nome_user 154;nome_user154@exemple.com.br;
nome_user 155;nome_user155@exemple.com.br;
nome_user 156;nome_user156@exemple.com.br;
nome_user 157;nome_user157@exemple.com.br;
nome_user 158;nome_user158@exemple.com.br;
nome_user 159;nome_user159@exemple.com.br;
nome_user 160;nome_user160@exemple.com.br;
nome_user 161;nome_user161@exemple.com.br;
nome_user 162;nome_user162@exemple.com.br;
nome_user 163;nome_user163@exemple.com.br;
nome_user 164;nome_user164@exemple.com.br;
nome_user 165;nome_user165@exemple.com.br;
nome_user 166;nome_user166@exemple.com.br;
nome_user 167;nome_user167@exemple.com.br;
nome_user 168;nome_user168@exemple.com.br;
nome_user 169;nome_user169@exemple.com.br;
nome_user 170;nome_user170@exemple.com.br;
nome_user 171;nome_user171@exemple.com.br;
nome_user 172;nome_user172@exemple.com.br;
nome_user 173;nome_user173@exemple.com.br;
nome_user 174;nome_user174@exemple.com.br;
nome_user 175;nome_user175@exemple.com.br;
nome_user 176;nome_user176@exemple.com.br;
nome_user 177;nome_user177@exemple.com.br;
nome_user 178;nome_user178@exemple.com.br;
nome_user 179;nome_user179@exemple.com.br;
nome_user 180;nome_user180@exemple.com.br;
nome_user 181;nome_user181@exemple.com.br;
nome_user 182;nome_user182@exemple.com.br;
nome_user 183;nome_user183@exemple.com.br;
nome_user 184;nome_user184@exemple.com.br;
nome_user 185;nome_user185@exemple.com.br;
nome_user 186;nome_user186@exemple.com.br;
nome_user 187;nome_user187@exemple.com.br;
nome_user 188;nome_user188@exemple.com.br;
nome_user 189;nome_user189@exemple.com.br;
nome_user 190;nome_user190@exemple.com.br;
nome_user 191;nome_user191@exemple.com.br;
nome_user 192;nome_user192@exemple.com.br;
nome_user 193;nome_user193@exemple.com.br;
nome_user 194;nome_user194@exemple.com.br;
nome_user 195;nome_user195@exemple.com.br;
nome_user 196;nome_user196@exemple.com.br;
nome_user 197;nome_user197@exemple.com.br;
nome_user 198;nome_user198@exemple.com.br;
nome_user 199;nome_user199@exemple.com.br;
nome_user 200;nome_user200@exemple.com.br;
nome_user 201;nome_user201@exemple.com.br;
nome_user 202;nome_user202@exemple.com.br;
nome_user 203;nome_user203@exemple.com.br;
nome_user 204;nome_user204@exemple.com.br;
nome_user 205;nome_user205@exemple.com.br;
nome_user 206;nome_user206@exemple.com.br;
nome_user 207;nome_user207@exemple.com.br;
nome_user 208;nome_user208@exemple.com.br;
nome_user 209;nome_user209@exemple.com.br;
nome_user 210;nome_user210@exemple.com.br;
nome_user 211;nome_user211@exemple.com.br;
nome_user 212;nome_user212@exemple.com.br;
nome_user 213;nome_user213@exemple.com.br;
nome_user 214;nome_user214@exemple.com.br;
nome_user 215;nome_user215@exemple.com.br;
nome_user 216;nome_user216@exemple.com.br;
nome_user 217;nome_user217@exemple.com.br;
nome_user 218;nome_user218@exemple.com.br;
nome_user 219;nome_user219@exemple.com.br;
nome_user 220;nome_user220@exemple.com.br;
nome_user 221;nome_user221@exemple.com.br;
nome_user 222;nome_user222@exemple.com.br;
nome_user 223;nome_user223@exemple.com.br;
nome_user 224;nome_user224@exemple.com.br;
nome_user 225;nome_user225@exemple.com.br;
nome_user 226;nome_user226@exemple.com.br;
nome_user 227;nome_user227@exemple.com.br;
nome_user 228;nome_user228@exemple.com.br;
nome_user 229;nome_user229@exemple.com.br;
nome_user 230;nome_user230@exemple.com.br;
nome_user 231;nome_user231@exemple.com.br;
nome_user 232;nome_user232@exemple.com.br;
nome_user 233;nome_user233@exemple.com.br;
nome_user 234;nome_user234@exemple.com.br;
nome_user 235;nome_user235@exemple.com.br;
nome_user 236;nome_user236@exemple.com.br;
nome_user 237;nome_user237@exemple.com.br;
nome_user 238;nome_user238@exemple.com.br;
nome_user 239;nome_user239@exemple.com.br;
nome_user 240;nome_user240@exemple.com.br;
nome_user 241;nome_user241@exemple.com.br;
nome_user 242;nome_user242@exemple.com.br;
nome_user 243;nome_user243@exemple.com.br;
nome_user 244;nome_user244@exemple.com.br;
nome_user 245;nome_user245@exemple.com.br;
nome_user 246;nome_user246@exemple.com.br;
nome_user 247;nome_user247@exemple.com.br;
nome_user 248;nome_user248@exemple.com.br;
nome_user 249;nome_user249@exemple.com.br;
nome_user 250;nome_user250@exemple.com.br;
nome_user 251;nome_user251@exemple.com.br;
nome_user 252;nome_user252@exemple.com.br;
nome_user 253;nome_user253@exemple.com.br;
nome_user 254;nome_user254@exemple.com.br;
nome_user 255;nome_user255@exemple.com.br;
nome_user 256;nome_user256@exemple.com.br;
nome_user 257;nome_user257@exemple.com.br;
nome_user 258;nome_user258@exemple.com.br;
nome_user 259;nome_user259@exemple.com.br;
nome_user 260;nome_user260@exemple.com.br;
nome_user 261;nome_user261@exemple.com.br;
nome_user 262;nome_user262@exemple.com.br;
nome_user 263;nome_user263@exemple.com.br;
nome_user 264;nome_user264@exemple.com.br;
nome_user 265;nome_user265@exemple.com.br;
nome_user 266;nome_user266@exemple.com.br;
nome_user 267;nome_user267@exemple.com.br;
nome_user 268;nome_user268@exemple.com.br;
nome_user 269;nome_user269@exemple.com.br;
nome_user 270;nome_user270@exemple.com.br;
nome_user 271;nome_user271@exemple.com.br;
nome_user 272;nome_user272@exemple.com.br;
nome_user 273;nome_user273@exemple.com.br;
nome_user 274;nome_user274@exemple.com.br;
nome_user 275;nome_user275@exemple.com.br;
nome_user 276;nome_user276@exemple.com.br;
nome_user 277;nome_user277@exemple.com.br;
nome_user 278;nome_user278@exemple.com.br;
nome_user 279;nome_user279@exemple.com.br;
nome_user 280;nome_user280@exemple.com.br;
nome_user 281;nome_user281@exemple.com.br;
nome_user 282;nome_user282@exemple.com.br;
nome_user 283;nome_user283@exemple.com.br;
nome_user 284;nome_user284@exemple.com.br;
nome_user 285;nome_user285@exemple.com.br;
nome_user 286;nome_user286@exemple.com.br;
nome_user 287;nome_user287@exemple.com.br;
nome_user 288;nome_user288@exemple.com.br;
nome_user 289;nome_user289@exemple.com.br;
nome_user 290;nome_user290@exemple.com.br;
nome_user 291;nome_user291@exemple.com.br;
nome_user 292;nome_user292@exemple.com.br;
nome_user 293;nome_user293@exemple.com.br;
nome_user 294;nome_user294@exemple.com.br;
nome_user 295;nome_user295@exemple.com.br;
nome_user 296;nome_user296@exemple.com.br;
nome_user 297;nome_user297@exemple.com.br;
nome_user 298;nome_user298@exemple.com.br;
nome_user 299;nome_user299@exemple.com.br;
nome_user 300;nome_user300@exemple.com.br;
nome_user 301;nome_user301@exemple.com.br;
nome_user 302;nome_user302@exemple.com.br;
nome_user 303;nome_user303@exemple.com.br;
nome_user 304;nome_user304@exemple.com.br;
nome_user 305;nome_user305@exemple.com.br;
nome_user 306;nome_user306@exemple.com.br;
nome_user 307;nome_user307@exemple.com.br;
nome_user 308;nome_user308@exemple.com.br;
nome_user 309;nome_user309@exemple.com.br;
nome_user 310;nome_user310@exemple.com.br;
nome_user 311;nome_user311@exemple.com.br;
nome_user 312;nome_user312@exemple.com.br;
nome_user 313;nome_user313@exemple.com.br;
nome_user 314;nome_user314@exemple.com.br;
nome_user 315;nome_user315@exemple.com.br;
nome_user 316;nome_user316@exemple.com.br;
nome_user 317;nome_user317@exemple.com.br;
nome_user 318;nome_user318@exemple.com.br;
nome_user 319;nome_user319@exemple.com.br;
nome_user 320;nome_user320@exemple.com.br;
nome_user 321;nome_user321@exemple.com.br;
nome_user 322;nome_user322@exemple.com.br;
nome_user 323;nome_user323@exemple.com.br;
nome_user 324;nome_user324@exemple.com.br;
nome_user 325;nome_user325@exemple.com.br;
nome_user 326;nome_user326@exemple.com.br;
nome_user 327;nome_user327@exemple.com.br;
nome_user 328;nome_user328@exemple.com.br;
nome_user 329;nome_user329@exemple.com.br;
nome_user 330;nome_user330@exemple.com.br;
nome_user 331;nome_user331@exemple.com.br;
nome_user 332;nome_user332@exemple.com.br;
nome_user 333;nome_user333@exemple.com.br;
nome_user 334;nome_user334@exemple.com.br;
nome_user 335;nome_user335@exemple.com.br;
nome_user 336;nome_user336@exemple.com.br;
nome_user 337;nome_user337@exemple.com.br;
nome_user 338;nome_user338@exemple.com.br;
nome_user 339;nome_user339@exemple.com.br;
nome_user 340;nome_user340@exemple.com.br;
nome_user 341;nome_user341@exemple.com.br;
nome_user 342;nome_user342@exemple.com.br;
nome_user 343;nome_user343@exemple.com.br;
nome_user 344;nome_user344@exemple.com.br;
nome_user 345;nome_user345@exemple.com.br;
nome_user 346;nome_user346@exemple.com.br;
nome_user 347;nome_user347@exemple.com.br;
nome_user 348;nome_user348@exemple.com.br;
nome_user 349;nome_user349@exemple.com.br;
nome_user 350;nome_user350@exemple.com.br;